ID,Zones,Country,Year_start,Month_start,Year_end,Month_end,Location concat,GeometryQuery,Geometry,,,CR_CODE,Current groupings,x,Area,Area Fixed,Consequence,,,,,,,,,,,,,,,
1981-9309-BWA,Botswana,Botswana,1982,4,1987,0,Botswana,https://nominatim.openstreetmap.org/search.php?q=Botswana&polygon_geojson=1&format=geojson,,"https://nominatim.openstreetmap.org/search.php?q=""Gujarat,India""&polygon_geojson=1&format=geojson",,BWA,Southern Africa,Africa,Nationwide,,,,Yes,,,,,Km2,,,,,1982,4,,1987
1981-9307-CUB,Cuba,Cuba,1981,0,1983,0,Cuba,https://nominatim.openstreetmap.org/search.php?q=Cuba&polygon_geojson=1&format=geojson,,,,CUB,Caribbean,Americas,,,,,,,,,,Km2,,,,,1981,,,1983
1982-9350-BGD,Bangladesh,Bangladesh,1983,7,1983,0,Bangladesh,https://nominatim.openstreetmap.org/search.php?q=Bangladesh&polygon_geojson=1&format=geojson,,,,BGD,Southern Asia,Asia,,,,,,,,,,Km2,,,,,1983,7,,1983
1983-9007-BOL,Altiplano,Bolivia,1983,4,1983,0,"Altiplano (High Plateaux), Bolivia","https://nominatim.openstreetmap.org/search.php?q=Altiplano (High Plateaux), Bolivia&polygon_geojson=1&format=geojson",,,,BOL,South America,Americas,Altiplano (High Plateaux),,,,Yes,No,No,,,Km2,,,,,1983,4,,1983
1983-9206-BRA,"Northeast, Sertao",Brazil,1983,9,1983,0,"Northeast, Sertao, Brazil","https://nominatim.openstreetmap.org/search.php?q=Northeast, Sertao, Brazil&polygon_geojson=1&format=geojson",,,,BRA,South America,Americas,"Northeast, Sertao",,,,Yes,,,,,Km2,,,,,1983,9,,1983
1985-9011-BRA,Rio Grande Do Sul,Brazil,1985,11,1985,0,"Rio Grande Do Sul, Brazil","https://nominatim.openstreetmap.org/search.php?q=Rio Grande Do Sul, Brazil&polygon_geojson=1&format=geojson",,,,BRA,South America,Americas,Rio Grande Do Sul,,,,,No,No,,,Km2,,,,,1985,11,,1985
1986-9404-CUB,Cuba,Cuba,1986,0,1986,0,Cuba,https://nominatim.openstreetmap.org/search.php?q=Cuba&polygon_geojson=1&format=geojson,,,,CUB,Caribbean,Americas,,,,,,,,,,Km2,,,,,1986,,,1986
1987-9103-BRA,"Alagoas, Minas, Bahia, Maranhao, Piaui, Ceara, Rio Grande Do Norte, Paraiba, Pernambuco, Sergipe, Mina Gerais states",Brazil,1987,6,1988,0,"Alagoas, Minas, Bahia, Maranhao, Piaui, Ceara, Rio Grande Do Norte, Paraiba, Pernambuco, Sergipe, Mina Gerais states, Brazil","https://nominatim.openstreetmap.org/search.php?q=Alagoas, Minas, Bahia, Maranhao, Piaui, Ceara, Rio Grande Do Norte, Paraiba, Pernambuco, Sergipe, Mina Gerais states, Brazil&polygon_geojson=1&format=geojson",,,,BRA,South America,Americas,"Alagoas, Minas, Bahia, Maranhao, Piaui, Ceara, Rio Grande Do Norte, Paraiba, Pernambuco, Sergipe, Mina Gerais states",,,,,,,,,Km2,,,,,1987,6,,1988
1987-9588-GTM,Chiquimula area,Guatemala,1987,0,1988,0,"Chiquimula area, Guatemala","https://nominatim.openstreetmap.org/search.php?q=Chiquimula area, Guatemala&polygon_geojson=1&format=geojson",,,,GTM,Central America,Americas,Chiquimula area,,,,,,,,,Km2,,,,,1987,,,1988
1980-9011-LKA,Central,Sri Lanka,1980,3,1980,0,"Central, Sri Lanka","https://nominatim.openstreetmap.org/search.php?q=Central, Sri Lanka&polygon_geojson=1&format=geojson",,,,LKA,Southern Asia,Asia,Central,,,,,,,,1500,Km2,,,,,1980,3,,1980
1981-9209-JAM,Jamaica,Jamaica,1981,1,1983,0,Jamaica,https://nominatim.openstreetmap.org/search.php?q=Jamaica&polygon_geojson=1&format=geojson,,,,JAM,Caribbean,Americas,,,Water shortage,,,,,,,Km2,,,,,1981,1,,1983
1981-9005-LKA,Sri Lanka,Sri Lanka,1981,0,1981,0,Sri Lanka,https://nominatim.openstreetmap.org/search.php?q=Sri Lanka&polygon_geojson=1&format=geojson,,,,LKA,Southern Asia,Asia,,,,,,,,,,Km2,,,,,1981,,,1981
1981-9309-NAM,Namibia,Namibia,1982,4,1984,0,Namibia,https://nominatim.openstreetmap.org/search.php?q=Namibia&polygon_geojson=1&format=geojson,,,,NAM,Southern Africa,Africa,,,,,,,,,,Km2,,,,,1982,4,,1984
1982-9350-LKA,Sri Lanka,Sri Lanka,1982,9,1983,0,Sri Lanka,https://nominatim.openstreetmap.org/search.php?q=Sri Lanka&polygon_geojson=1&format=geojson,,,,LKA,Southern Asia,Asia,,,Food shortage,,,,,,,Km2,,,,,1982,9,,1983
1982-9350-IND,"Bhiwani, Gurgaon, Hisar, Mahendargarh, Rohtak, Kerala, Tamil Nadu, Rajasthan",India,1982,6,1983,0,"districts of Bhiwani, Gurgaon, Hisar, Mahendargarh, and Rohtak, Kerala, Tami Nadu, Rajasthan, India","https://nominatim.openstreetmap.org/search.php?q=districts of Bhiwani, Gurgaon, Hisar, Mahendargarh, and Rohtak, Kerala, Tami Nadu, Rajasthan, India&polygon_geojson=1&format=geojson",,,,IND,Southern Asia,Asia,"districts of Bhiwani, Gurgaon, Hisar, Mahendargarh, and Rohtak, Kerala, Tami Nadu, Rajasthan",,,,,,,,,Km2,,,,,1982,6,,1983
1983-9331-PAN,Panama city,Panama,1983,5,1983,0,"Panama city, Panama","https://nominatim.openstreetmap.org/search.php?q=Panama city, Panama&polygon_geojson=1&format=geojson",,,,PAN,Central America,Americas,Panama city,,Water shortage,,,,,,,Km2,,,,,1983,5,,1983
1983-9182-LSO,Lesotho,Lesotho,1983,2,1984,0,Lesotho,https://nominatim.openstreetmap.org/search.php?q=Lesotho&polygon_geojson=1&format=geojson,,,,LSO,Southern Africa,Africa,,,Food shortage,,,,,,,Km2,,,,,1983,2,,1984
1983-9007-PER,Puno ,Peru,1983,1,1983,0,"Puno department (Andean), Peru","https://nominatim.openstreetmap.org/search.php?q=Puno department (Andean), Peru&polygon_geojson=1&format=geojson",,,,PER,South America,Americas,Puno department (Andean),,,,Yes,No,No,,,Km2,,,,,1983,1,,1983
1983-9332-PRY,Paraguay,Paraguay,1983,6,1983,0,Paraguay,https://nominatim.openstreetmap.org/search.php?q=Paraguay&polygon_geojson=1&format=geojson,,,,PRY,South America,Americas,,El Nino,,,,,,,,Km2,,,,,1983,6,,1983
1987-9024-IND,"Gujarat, Rajasthan, Orissa, Madhya Pradesh, Andhra Pradesh, Maharashtra",India,1987,5,1987,8,"Gujarat, Rajasthan, Orissa, Madhya Pradesh, Andhra Pradesh, Maharashtra, India","https://nominatim.openstreetmap.org/search.php?q=Gujarat, Rajasthan, Orissa, Madhya Pradesh, Andhra Pradesh, Maharashtra, India&polygon_geojson=1&format=geojson",,,,IND,Southern Asia,Asia,"Gujarat, Rajasthan, Orissa, Madhya Pradesh, Andhra Pradesh, Maharashtra",,,,,No,No,,,Km2,,,,,1987,5,,1987
1987-9025-LKA,"North, Northeast",Sri Lanka,1987,0,1987,0,"North, Northeast, Sri Lanka","https://nominatim.openstreetmap.org/search.php?q=North, Northeast, Sri Lanka&polygon_geojson=1&format=geojson",,,,LKA,Southern Asia,Asia,"North, Northeast",,,,,,,,,Km2,,,,,1987,,,1987
1980-9125-ZAF,Natal,South Africa,1980,8,1980,0,"Natal, South Africa","https://nominatim.openstreetmap.org/search.php?q=Natal, South Africa&polygon_geojson=1&format=geojson",,,,ZAF,Southern Africa,Africa,Natal,,,,,,,,,Km2,,,,,1980,8,,1980
1981-9309-SWZ,Nationwide,Eswatini,1983,0,1983,0,Eswatini,https://nominatim.openstreetmap.org/search.php?q=Eswatini&polygon_geojson=1&format=geojson,,,,SWZ,Southern Africa,Africa,Nationwide,,Food shortage,,,,,,,Km2,,,,,1983,,,1983
1981-9309-ZAF,"Countrywide, Transvaal, Orange Free, Natal",South Africa,1982,3,1983,0,"Countrywide, Transvaal, Orange Free, Natal states, South Africa","https://nominatim.openstreetmap.org/search.php?q=Countrywide, Transvaal, Orange Free, Natal states, South Africa&polygon_geojson=1&format=geojson",,,,ZAF,Southern Africa,Africa,"Countrywide, Transvaal, Orange Free, Natal states",,,,,,,,,Km2,,,,,1982,3,,1983
1982-9286-SLV,El Salvador,El Salvador,1982,7,1982,0,El Salvador,https://nominatim.openstreetmap.org/search.php?q=El Salvador&polygon_geojson=1&format=geojson,,,,SLV,Central America,Americas,,,,,,,,,,Km2,,,,,1982,7,,1982
1984-9159-SWZ,Eswatini,Eswatini,1984,1,1984,0,Eswatini,https://nominatim.openstreetmap.org/search.php?q=Eswatini&polygon_geojson=1&format=geojson,,,,SWZ,Southern Africa,Africa,,,,,,,,,,Km2,,,,,1984,1,,1984
1986-9024-ZAF,"Lebowa, Venda",South Africa,1986,5,1986,0,"Lebowa, Venda (Eastern Transvaal), South Africa","https://nominatim.openstreetmap.org/search.php?q=Lebowa, Venda (Eastern Transvaal), South Africa&polygon_geojson=1&format=geojson",,,,ZAF,Southern Africa,Africa,"Lebowa, Venda (Eastern Transvaal)",,Famine,,Yes,,,,,Km2,,,,,1986,5,,1986
1988-9449-BOL,"Santa Cruz, La Paz, Chaco",Bolivia,1988,10,1988,0,"Santa Cruz, La Paz, Chaco area, Bolivia","https://nominatim.openstreetmap.org/search.php?q=Santa Cruz, La Paz, Chaco area, Bolivia&polygon_geojson=1&format=geojson",,,,BOL,South America,Americas,"Santa Cruz, La Paz, Chaco area",,,,,No,No,,,Km2,,,,,1988,10,,1988
1988-9064-BRA,"Rio Grande Do Sul, Santa Catarina",Brazil,1988,2,1988,0,"Rio Grande Do Sul, Santa Catarina, Brazil","https://nominatim.openstreetmap.org/search.php?q=Rio Grande Do Sul, Santa Catarina, Brazil&polygon_geojson=1&format=geojson",,,,BRA,South America,Americas,"Rio Grande Do Sul, Santa Catarina",,,,,,,,,Km2,,,,,1988,2,,1988
1989-9040-BGD,Northwest,Bangladesh,1989,4,1989,0,"Northwest, Bangladesh","https://nominatim.openstreetmap.org/search.php?q=Northwest, Bangladesh&polygon_geojson=1&format=geojson",,,,BGD,Southern Asia,Asia,Northwest,,,,,,,,,Km2,,,,,1989,4,,1989
1990-9059-BOL,"La paz, Oruro, Potosi, Cochabamba, Tarija",Bolivia,1990,0,1990,0,"La paz, Oruro, Potosi, Cochabamba, Tarija departments, Bolivia","https://nominatim.openstreetmap.org/search.php?q=La paz, Oruro, Potosi, Cochabamba, Tarija departments, Bolivia&polygon_geojson=1&format=geojson",,,,BOL,South America,Americas,"La paz, Oruro, Potosi, Cochabamba, Tarija departments",,Water shortage,,Yes,No,Yes,,,Km2,,,,,1990,,,1990
1990-9604-BWA,Botswana,Botswana,1992,0,1992,0,Botswana,https://nominatim.openstreetmap.org/search.php?q=Botswana&polygon_geojson=1&format=geojson,,,,BWA,Southern Africa,Africa,,,,,,,,,,Km2,,,,,1992,,,1992
1991-9006-CHL,Chile,Chile,1991,1,1991,5,Chile,https://nominatim.openstreetmap.org/search.php?q=Chile&polygon_geojson=1&format=geojson,,,,CHL,South America,Americas,,,,,,,,,,Km2,,,,,1991,1,,1991
1993-9585-CUB,Cuba,Cuba,1993,0,1993,0,Cuba,https://nominatim.openstreetmap.org/search.php?q=Cuba&polygon_geojson=1&format=geojson,,,,CUB,Caribbean,Americas,,,,,,,,,,Km2,,,,,1993,,,1993
1988-9036-LKA,North and East,Sri Lanka,1988,8,1989,0,"North and East, Sri Lanka","https://nominatim.openstreetmap.org/search.php?q=North and East, Sri Lanka&polygon_geojson=1&format=geojson",,,,LKA,Southern Asia,Asia,North and East,,,,,,,,,Km2,,,,,1988,8,,1989
1990-9604-NAM,"Kavango, Ovambo",Namibia,1991,0,1992,3,"Kavango, Ovambo regions (North), Namibia","https://nominatim.openstreetmap.org/search.php?q=Kavango, Ovambo regions (North), Namibia&polygon_geojson=1&format=geojson",,,,NAM,Southern Africa,Africa,"Kavango, Ovambo regions (North)",,Water shortage,,Yes,No,No,,,Km2,,,,,1991,,,1992
1990-9059-PER,"Lambayeque, La Libertad, Cajamarca, Ancash, Ica, Huancavelica, Ayacucho, Arequipa, Apurimac, Cusco, Puno, Moquepa, Tacna, Lima ",Peru,1990,8,1990,0,"Lambayeque, La Libertad, Cajamarca, Ancash, Ica, Huancavelica, Ayacucho, Arequipa, Apurimac, Cusco, Puno, Moquepa, Tacna, Lima departments, Peru","https://nominatim.openstreetmap.org/search.php?q=Lambayeque, La Libertad, Cajamarca, Ancash, Ica, Huancavelica, Ayacucho, Arequipa, Apurimac, Cusco, Puno, Moquepa, Tacna, Lima departments, Peru&polygon_geojson=1&format=geojson",,,,PER,South America,Americas,"Lambayeque, La Libertad, Cajamarca, Ancash, Ica, Huancavelica, Ayacucho, Arequipa, Apurimac, Cusco, Puno, Moquepa, Tacna, Lima departments",,Water shortage,,,Yes,Yes,,,Km2,,,,,1990,8,,1990
1990-9604-LSO,Lesotho,Lesotho,1992,6,1994,0,Lesotho,https://nominatim.openstreetmap.org/search.php?q=Lesotho&polygon_geojson=1&format=geojson,,,,LSO,Southern Africa,Africa,,,,,,,,,,Km2,,,,,1992,6,,1994
1993-9472-IND,"Bihar, Orissa, Andhra Pradesh, Maharashtra, Gujarat, Madhya Prasdesh, Uttar Pradesh, Karnataka",India,1993,3,1993,10,"Bihar, Orissa, Andhra Pradesh, Maharashtra, Gujarat, Madhya Prasdesh, Uttar Pradesh, Karnataka, India","https://nominatim.openstreetmap.org/search.php?q=Bihar, Orissa, Andhra Pradesh, Maharashtra, Gujarat, Madhya Prasdesh, Uttar Pradesh, Karnataka, India&polygon_geojson=1&format=geojson",,,,IND,Southern Asia,Asia,"Bihar, Orissa, Andhra Pradesh, Maharashtra, Gujarat, Madhya Prasdesh, Uttar Pradesh, Karnataka",,,,,No,No,,,Km2,,,,,1993,3,,1993
1988-9620-ZAF,Homelands,South Africa,1988,10,1988,0,"Homelands, South Africa","https://nominatim.openstreetmap.org/search.php?q=Homelands, South Africa&polygon_geojson=1&format=geojson",,,,ZAF,Southern Africa,Africa,Homelands,,Famine,,Yes,,,,,Km2,,,,,1988,10,,1988
1990-9604-SWZ,Southeast,Eswatini,1990,11,1995,0,"Southeast, Eswatini","https://nominatim.openstreetmap.org/search.php?q=Southeast, Eswatini&polygon_geojson=1&format=geojson",,,,SWZ,Southern Africa,Africa,Southeast,,,,Yes,,,,,Km2,,,,,1990,11,,1995
1990-9604-ZAF,"Transvaal, Natal, Cape Region, Homeland",South Africa,1991,0,1992,3,"Northern and eastern Transvaal, central and northern Natal, eastern and northern Cape Region, Homeland area, South Africa","https://nominatim.openstreetmap.org/search.php?q=Northern and eastern Transvaal, central and northern Natal, eastern and northern Cape Region, Homeland area, South Africa&polygon_geojson=1&format=geojson",,,,ZAF,Southern Africa,Africa,"Northern and eastern Transvaal, central and northern Natal, eastern and northern Cape Region, Homeland area",,,,,No,No,,,Km2,,,,,1991,,,1992
1994-9692-BOL,Potosi,Bolivia,1994,12,1994,0,"Potosi, Bolivia","https://nominatim.openstreetmap.org/search.php?q=Potosi, Bolivia&polygon_geojson=1&format=geojson",,,,BOL,South America,Americas,Potosi,,,,Yes,,,,,Km2,,,,,1994,12,,1994
1994-9162-CRI,Costa Rica,Costa Rica,1994,7,1994,9,Costa Rica,https://nominatim.openstreetmap.org/search.php?q=Costa Rica&polygon_geojson=1&format=geojson,,,,CRI,Central America,Americas,,,,,,No,No,,,Km2,,,,,1994,7,,1994
1994-9162-GTM,Guatemala,Guatemala,1994,7,1994,9,Guatemala,https://nominatim.openstreetmap.org/search.php?q=Guatemala&polygon_geojson=1&format=geojson,,,,GTM,Central America,Americas,,,,,,No,No,,,Km2,,,,,1994,7,,1994
1994-9162-HND,Honduras,Honduras,1994,7,1994,9,Honduras,https://nominatim.openstreetmap.org/search.php?q=Honduras&polygon_geojson=1&format=geojson,,,,HND,Central America,Americas,,,,,,No,No,,,Km2,,,,,1994,7,,1994
1994-9162-NIC,"Western provinces, Nicaragua",Nicaragua,1994,7,1994,9,"Western provinces, Nicaragua","https://nominatim.openstreetmap.org/search.php?q=Western provinces, Nicaragua&polygon_geojson=1&format=geojson",,,,NIC,Central America,Americas,Western provinces,,,,,No,Yes,,,Km2,,,,,1994,7,,1994
1995-9269-NAM,Namibia,Namibia,1995,0,1996,0,Namibia,https://nominatim.openstreetmap.org/search.php?q=Namibia&polygon_geojson=1&format=geojson,,,,NAM,Southern Africa,Africa,,,,,,,,,,Km2,,,,,1995,,,1996
1996-9328-IND,Rajasthan,India,1996,3,1996,4,"Rajasthan, India","https://nominatim.openstreetmap.org/search.php?q=Rajasthan, India&polygon_geojson=1&format=geojson",,,,IND,Southern Asia,Asia,Rajasthan,,,,,No,No,,72000,Km2,,,,,1996,3,,1996
1997-9023-ECU,"Celica, Macara, Puyango, Pindal, Sozoranga, Zapotillo, Arenillas, Las Lajas, Huaquillas, El Oro",Ecuador,1997,2,1997,0,"Celica, Macara, Puyango, Pindal, Sozoranga, Zapotillo counties (Loja province), Arenillas, Las Lajas, Huaquillas counties (El Oro province), Ecuador","https://nominatim.openstreetmap.org/search.php?q=Celica, Macara, Puyango, Pindal, Sozoranga, Zapotillo counties (Loja province), Arenillas, Las Lajas, Huaquillas counties (El Oro province), Ecuador&polygon_geojson=1&format=geojson",,,,ECU,Central America,Americas,"Celica, Macara, Puyango, Pindal, Sozoranga, Zapotillo counties (Loja province), Arenillas, Las Lajas, Huaquillas counties (El Oro province)",Lack rainfall,,,,No,Yes,89,,Km2,,,,,1997,2,,1997
1997-9305-HND,"Choluteca, Valle, Francisco Morazan, El Paraiso, Comayagua ",Honduras,1997,12,1997,0,"Choluteca, Valle, Francisco Morazan, El Paraíso, Comayagua departments, Honduras","https://nominatim.openstreetmap.org/search.php?q=Choluteca, Valle, Francisco Morazan, El Paraíso, Comayagua departments, Honduras&polygon_geojson=1&format=geojson",,,,HND,Central America,Americas,"Choluteca, Valle, Francisco Morazan, El Paraíso, Comayagua departments",,,,,No,No,10,,Km2,,,,,1997,12,,1997
1997-9227-NIC,"Mozonte, Ocotal, Santa Maria de Macuelito, San Lucas, Somoto, Yalaguina, Achuapa, Santa Rosa del Penon, Palacaguina, Totogalpa, San Juan de Limay, San Nicolas, Larreynaga, El Sauce, El Jicaral, San Francisco, San Pedro, Villanueva, Santo Tomas, Somototill",Nicaragua,1997,9,1997,0,"Mozonte, Ocotal, Santa Maria de Macuelito, San Lucas, Somoto, Yalaguina, Achuapa, Santa Rosa del Penon, Palacaguina, Totogalpa, San Juan de Limay, San Nicolas, Larreynaga, El Sauce, El Jicaral, San Francisco, San Pedro, Villanueva, Santo Tomas, Somototill, Nicaragua","https://nominatim.openstreetmap.org/search.php?q=Mozonte, Ocotal, Santa Maria de Macuelito, San Lucas, Somoto, Yalaguina, Achuapa, Santa Rosa del Penon, Palacaguina, Totogalpa, San Juan de Limay, San Nicolas, Larreynaga, El Sauce, El Jicaral, San Francisco, San Pedro, Villanueva, Santo Tomas, Somototill, Nicaragua&polygon_geojson=1&format=geojson",,,,NIC,Central America,Americas,"Mozonte, Ocotal, Santa Maria de Macuelito, San Lucas, Somoto, Yalaguina, Achuapa, Santa Rosa del Penon, Palacaguina, Totogalpa, San Juan de Limay, San Nicolas, Larreynaga, El Sauce, El Jicaral, San Francisco, San Pedro, Villanueva, Santo Tomas, Somototill",El Nino,,,,Yes,No,164,134,Km2,,,,,1997,9,,1997
1994-9162-SLV,El Salvador,El Salvador,1994,7,1994,9,El Salvador,https://nominatim.openstreetmap.org/search.php?q=El Salvador&polygon_geojson=1&format=geojson,,,,SLV,Central America,Americas,,,,,,No,No,,,Km2,,,,,1994,7,,1994
1995-9436-ZAF,Nebo ,South Africa,1995,12,1995,0,"Nebo District (Northern provinces), South Africa","https://nominatim.openstreetmap.org/search.php?q=Nebo District (Northern provinces), South Africa&polygon_geojson=1&format=geojson",,,,ZAF,Southern Africa,Africa,Nebo District (Northern provinces),,,,,,,,,Km2,,,,,1995,12,,1995
2000-9186-AFG,"Kandahar, Hilmand, Nimroz, Zabul, Uruzgan, Hirat, Farah, Badghis, Paktika, Khost, Ghazni, Baghlan, Kunduz, Takhar, Badakhshan",Afghanistan,2000,5,2002,0,"Kandahar, Hilmand, Nimroz, Zabul, Uruzgan provinces (south-west), Hirat, Farah, Badghis provinces (west), Paktika, Khost, Ghazni provinces (south), Baghlan, Kunduz, Takhar, Badakhshan provinces (north-east), Afghanistan","https://nominatim.openstreetmap.org/search.php?q=Kandahar, Hilmand, Nimroz, Zabul, Uruzgan provinces (south-west), Hirat, Farah, Badghis provinces (west), Paktika, Khost, Ghazni provinces (south), Baghlan, Kunduz, Takhar, Badakhshan provinces (north-east), Afghanistan&polygon_geojson=1&format=geojson",,,,AFG,Southern Asia,Asia,"Kandahar, Hilmand, Nimroz, Zabul, Uruzgan provinces (south-west), Hirat, Farah, Badghis provinces (west), Paktika, Khost, Ghazni provinces (south), Baghlan, Kunduz, Takhar, Badakhshan provinces (north-east)",,Water shortage,Famine,,Yes,,715539,,Km2,,,,,2000,5,,2002
2000-9881-BOL,"Gran Chaco, Tarija",Bolivia,2000,4,2000,0,"Gran Chaco district (Tarija province), Bolivia","https://nominatim.openstreetmap.org/search.php?q=Gran Chaco district (Tarija province), Bolivia&polygon_geojson=1&format=geojson",,,,BOL,South America,Americas,Gran Chaco district (Tarija province),,,,Yes,,,,,Km2,,,,,2000,4,,2000
1998-9210-CUB,"Guantanamo, Las Tuna, Holguin, Santiago de Cuba, Granma, Matanzas",Cuba,1998,1,1998,0,"Guantanamo, Las Tuna, Holguin, Santiago de Cuba, Granma, Matanzas Provinces, Cuba","https://nominatim.openstreetmap.org/search.php?q=Guantanamo, Las Tuna, Holguin, Santiago de Cuba, Granma, Matanzas Provinces, Cuba&polygon_geojson=1&format=geojson",,,,CUB,Caribbean,Americas,"Guantanamo, Las Tuna, Holguin, Santiago de Cuba, Granma, Matanzas Provinces",,Food shortage,,,No,No,,994,Km2,,,,,1998,1,,1998
1998-9077-COL,Colombia,Colombia,1998,1,1998,0,Colombia,https://nominatim.openstreetmap.org/search.php?q=Colombia&polygon_geojson=1&format=geojson,,,,COL,Central America,Americas,,El Nino,,,,No,No,,,Km2,,,,,1998,1,,1998
1998-9216-CRI,"Guarracaste, Central, South Pacific, Valle Central, Valle del Cuarco",Costa Rica,1998,5,1998,0,"Guarracaste, Central, South Pacific, Valle Central, Valle del Cuarco regions/provinces, Costa Rica","https://nominatim.openstreetmap.org/search.php?q=Guarracaste, Central, South Pacific, Valle Central, Valle del Cuarco regions/provinces, Costa Rica&polygon_geojson=1&format=geojson",,,,CRI,Central America,Americas,"Guarracaste, Central, South Pacific, Valle Central, Valle del Cuarco regions/provinces",El Nino,,,,No,Yes,,30,Km2,,,,,1998,5,,1998
1998-9028-NAM,Namibia,Namibia,1998,12,1999,0,Namibia,https://nominatim.openstreetmap.org/search.php?q=Namibia&polygon_geojson=1&format=geojson,,,,NAM,Southern Africa,Africa,,,,,,No,No,,,Km2,,,,,1998,12,,1999
2000-9222-IND,"New Delhi city, Delhi, Gujarat, Rajasthan, Madhya Prasdesh, Andhra Pradesh, Orissa, Maharashtra",India,2000,4,2001,0,"New Delhi city (Delhi province), Gujarat, Rajasthan, Madhya Prasdesh, Andhra Pradesh, Orissa, Maharashtra provinces, India","https://nominatim.openstreetmap.org/search.php?q=New Delhi city (Delhi province), Gujarat, Rajasthan, Madhya Prasdesh, Andhra Pradesh, Orissa, Maharashtra provinces, India&polygon_geojson=1&format=geojson",,,,IND,Southern Asia,Asia,"New Delhi city (Delhi province), Gujarat, Rajasthan, Madhya Prasdesh, Andhra Pradesh, Orissa, Maharashtra provinces",,Heat wave,Food shortage,,,Yes,2247,,Km2,,,,,2000,4,,2001
2000-9860-HND,"Montana de la Flor, Marale, Francisco Morazan",Honduras,2000,7,2000,0,"Montana de la Flor area (Marale district, Francisco Morazan province), Honduras","https://nominatim.openstreetmap.org/search.php?q=Montana de la Flor area (Marale district, Francisco Morazan province), Honduras&polygon_geojson=1&format=geojson",,,,HND,Central America,Americas,"Montana de la Flor area (Marale district, Francisco Morazan province)",,Famine,,,,,,,Km2,,,,,2000,7,,2000
2000-9860-NIC,"Atlantico Norte, Jinotega, Nueva Segovia",Nicaragua,2000,7,2000,0,"Atlantico Norte, Jinotega, Nueva Segovia provinces, Nicaragua","https://nominatim.openstreetmap.org/search.php?q=Atlantico Norte, Jinotega, Nueva Segovia provinces, Nicaragua&polygon_geojson=1&format=geojson",,,,NIC,Central America,Americas,"Atlantico Norte, Jinotega, Nueva Segovia provinces",,Famine,,,,,,,Km2,,,,,2000,7,,2000
2000-9496-CUB,"Guantanamo, Santiago De Cuba, Las Tunas, Camaguey",Cuba,2000,8,2001,0,"Guantanamo, Santiago De Cuba, Las Tunas, Camaguey provinces, Cuba","https://nominatim.openstreetmap.org/search.php?q=Guantanamo, Santiago De Cuba, Las Tunas, Camaguey provinces, Cuba&polygon_geojson=1&format=geojson",,,,CUB,Caribbean,Americas,"Guantanamo, Santiago De Cuba, Las Tunas, Camaguey provinces",,,,,,Yes,,,Km2,,,,,2000,8,,2001
2000-9138-JAM,"Clarendon, Hanover, Manchester, Portland, Saint Ann, Saint Catherine, Saint Elizabeth, Saint James, Saint Thomas, Trelawny, Westmoreland",Jamaica,2000,3,2000,0,"Clarendon, Hanover, Manchester, Portland, Saint Ann, Saint Catherine, Saint Elizabeth, Saint James, Saint Thomas, Trelawny, Westmoreland provinces, Jamaica","https://nominatim.openstreetmap.org/search.php?q=Clarendon, Hanover, Manchester, Portland, Saint Ann, Saint Catherine, Saint Elizabeth, Saint James, Saint Thomas, Trelawny, Westmoreland provinces, Jamaica&polygon_geojson=1&format=geojson",,,,JAM,Caribbean,Americas,"Clarendon, Hanover, Manchester, Portland, Saint Ann, Saint Catherine, Saint Elizabeth, Saint James, Saint Thomas, Trelawny, Westmoreland provinces",,,,,,,,,Km2,,,,,2000,3,,2000
1998-9216-SLV,El Salvador,El Salvador,1998,5,1998,0,El Salvador,https://nominatim.openstreetmap.org/search.php?q=El Salvador&polygon_geojson=1&format=geojson,,,,SLV,Central America,Americas,,,,,,No,No,,,Km2,,,,,1998,5,,1998
1999-9085-URY,"Artigas, Salto, Paysandu, Rio Negro, Cerro Largo, Tacuarembo, Rivera",Uruguay,1999,6,2000,0,"Artigas, Salto, Paysandu, Rio Negro, Cerro Largo, Tacuarembo, Rivera Departments, Uruguay","https://nominatim.openstreetmap.org/search.php?q=Artigas, Salto, Paysandu, Rio Negro, Cerro Largo, Tacuarembo, Rivera Departments, Uruguay&polygon_geojson=1&format=geojson",,,,URY,South America,Americas,"Artigas, Salto, Paysandu, Rio Negro, Cerro Largo, Tacuarembo, Rivera Departments",,Wildfire,Food shortage,,No,No,,,Km2,,,,,1999,6,,2000
1999-9404-PRY,"Concepcion, San Pedro , Alto Paraguay, Boqueon, Presidente Hayes",Paraguay,1999,6,2002,0,"Concepcion, San Pedro Department, Alto Paraguay, Boqueon, Presidente Hayes, Paraguay","https://nominatim.openstreetmap.org/search.php?q=Concepcion, San Pedro Department, Alto Paraguay, Boqueon, Presidente Hayes, Paraguay&polygon_geojson=1&format=geojson",,,,PRY,South America,Americas,"Concepcion, San Pedro Department, Alto Paraguay, Boqueon, Presidente Hayes","Lack of rain, extreme temperature",Cold wave,,Yes,Yes,Yes,631,,Km2,,,,,1999,6,,2002
1999-9122-PAK,"Thar, Kohistan, Kachoo, Sindh, Lasbela, Kharan, Chaghi, Loralai, Zhob, Khuzdar, Kalat, Killa Saifullah, Pshin, Baluchistan ",Pakistan,1999,11,2003,0,"Thar, Kohistan, Kachoo (Sindh province), Lasbela, Kharan, Chaghi, Loralai,Zhob, Khuzdar, Kalat, Killa Saifullah, Pshin districts (Baluchistan Province), Pakistan","https://nominatim.openstreetmap.org/search.php?q=Thar, Kohistan, Kachoo (Sindh province), Lasbela, Kharan, Chaghi, Loralai,Zhob, Khuzdar, Kalat, Killa Saifullah, Pshin districts (Baluchistan Province), Pakistan&polygon_geojson=1&format=geojson",,,,PAK,Southern Asia,Asia,"Thar, Kohistan, Kachoo (Sindh province), Lasbela, Kharan, Chaghi, Loralai,Zhob, Khuzdar, Kalat, Killa Saifullah, Pshin districts (Baluchistan Province)",Lack of rain,Heat wave,,,No,No,24192,,Km2,,,,,1999,11,,2003
2001-9383-HND,"Choluteca, Valle, Francisco Morazan, Paraiso, La Paz, Comayagua, Intibuca, Yoro, Lempira",Honduras,2001,7,2004,0,"Choluteca, Valle, Francisco Morazan, Paraiso, La Paz, Comayagua, Intibuca, Yoro, Lempira provinces, Honduras","https://nominatim.openstreetmap.org/search.php?q=Choluteca, Valle, Francisco Morazan, Paraiso, La Paz, Comayagua, Intibuca, Yoro, Lempira provinces, Honduras&polygon_geojson=1&format=geojson",,,,HND,Central America,Americas,"Choluteca, Valle, Francisco Morazan, Paraiso, La Paz, Comayagua, Intibuca, Yoro, Lempira provinces",,Food shortage,,,,Yes,,960,Km2,,,,,2001,7,,2004
2001-9383-GTM,Chiquimula,Guatemala,2001,9,2001,0,"Chiquimula province, Guatemala","https://nominatim.openstreetmap.org/search.php?q=Chiquimula province, Guatemala&polygon_geojson=1&format=geojson",,,,GTM,Central America,Americas,Chiquimula province,,Famine,,,,,,,Km2,,,,,2001,9,,2001
2001-9498-LKA,"Hambantota, Kurunegala, Puttalam, Ratnapura, Sabaragamuwa, Moneragala, Badulla, Uva, Ampara, Eastern ",Sri Lanka,2001,9,2002,0,"Hambantota district (Southern province), Kurunegala, Puttalam districts (North Western provinces), Ratnapura district (Sabaragamuwa province), Moneragala, Badulla districts (Uva province), Ampara district (Eastern province), Sri Lanka","https://nominatim.openstreetmap.org/search.php?q=Hambantota district (Southern province), Kurunegala, Puttalam districts (North Western provinces), Ratnapura district (Sabaragamuwa province), Moneragala, Badulla districts (Uva province), Ampara district (Eastern province), Sri Lanka&polygon_geojson=1&format=geojson",,,,LKA,Southern Asia,Asia,"Hambantota district (Southern province), Kurunegala, Puttalam districts (North Western provinces), Ratnapura district (Sabaragamuwa province), Moneragala, Badulla districts (Uva province), Ampara district (Eastern province)",Lack of rain,,,Yes,Yes,,478,,Km2,,,,,2001,9,,2002
2002-9333-LSO,"Qacha s Nek, Quthing, Mohale s Hoek",Lesotho,2002,4,2003,0,"Qacha's Nek, Quthing, Mohale's Hoek provinces, Lesotho","https://nominatim.openstreetmap.org/search.php?q=Qacha's Nek, Quthing, Mohale's Hoek provinces, Lesotho&polygon_geojson=1&format=geojson",,,,LSO,Southern Africa,Africa,"Qacha's Nek, Quthing, Mohale's Hoek provinces",,Famine,Food shortage,,,,,,Km2,,,,,2002,4,,2003
2002-9838-HND,"Liure, Soledad, Paraiso, Orocuina, El Corpus, Choculeta",Honduras,2002,1,2002,0,"Liure, Soledad districts (Paraiso province), Orocuina, El Corpus districts (Choculeta province), Honduras","https://nominatim.openstreetmap.org/search.php?q=Liure, Soledad districts (Paraiso province), Orocuina, El Corpus districts (Choculeta province), Honduras&polygon_geojson=1&format=geojson",,,,HND,Central America,Americas,"Liure, Soledad districts (Paraiso province), Orocuina, El Corpus districts (Choculeta province)",,,,,,,,128,Km2,,,,,2002,1,,2002
2002-9349-IND,"Uttar Pradesh, Madhya Pradesh, Rajasthan, Punjab, Haryana, Delhi, Karnataka, Kerala, Nagaland, Orissa, Chhattisgarh, Himachal Pradesh, Gujarat, Maharashtra, Andhra Pradesh, Tamil Nadu",India,2002,7,2002,0,"Uttar Pradesh, Madhya Pradesh, Rajasthan, Punjab, Haryana, Delhi, Karnataka, Kerala, Nagaland, Orissa, Chhattisgarh, Himachal Pradesh, Gujarat, Maharashtra, Andhra Pradesh, Tamil Nadu provinces, India","https://nominatim.openstreetmap.org/search.php?q=Uttar Pradesh, Madhya Pradesh, Rajasthan, Punjab, Haryana, Delhi, Karnataka, Kerala, Nagaland, Orissa, Chhattisgarh, Himachal Pradesh, Gujarat, Maharashtra, Andhra Pradesh, Tamil Nadu provinces, India&polygon_geojson=1&format=geojson",,,,IND,Southern Asia,Asia,"Uttar Pradesh, Madhya Pradesh, Rajasthan, Punjab, Haryana, Delhi, Karnataka, Kerala, Nagaland, Orissa, Chhattisgarh, Himachal Pradesh, Gujarat, Maharashtra, Andhra Pradesh, Tamil Nadu provinces",Insufficient and erratic monsoon rain,,,,,Yes,146,560000,Km2,,,,,2002,7,,2002
2002-9292-MEX,"Baja California, Coahuila, Tamaulipas, Veracruz, Sinaloa, Tlaxcala, Sonora, San Luis Potosi",Mexico,2002,4,2002,0,"Baja California, Coahuila, Tamaulipas, Veracruz, Sinaloa, Tlaxcala, Sonora, San Luis Potosi provinces, Mexico","https://nominatim.openstreetmap.org/search.php?q=Baja California, Coahuila, Tamaulipas, Veracruz, Sinaloa, Tlaxcala, Sonora, San Luis Potosi provinces, Mexico&polygon_geojson=1&format=geojson",,,,MEX,Central America,Americas,"Baja California, Coahuila, Tamaulipas, Veracruz, Sinaloa, Tlaxcala, Sonora, San Luis Potosi provinces",,,,,,,,,Km2,,,,,2002,4,,2002
2001-9383-NIC,"Nueva Segovia, Madriz, Esteli, Leon, Chinandega, Carazo, Boaco, Jinotega, Matagalpa",Nicaragua,2001,8,2001,0,"Nueva Segovia, Madriz, Esteli, Leon, Chinandega, Carazo, Boaco, Jinotega, Matagalpa provinces, Nicaragua","https://nominatim.openstreetmap.org/search.php?q=Nueva Segovia, Madriz, Esteli, Leon, Chinandega, Carazo, Boaco, Jinotega, Matagalpa provinces, Nicaragua&polygon_geojson=1&format=geojson",,,,NIC,Central America,Americas,"Nueva Segovia, Madriz, Esteli, Leon, Chinandega, Carazo, Boaco, Jinotega, Matagalpa provinces",,Food shortage,,,Yes,,,1077,Km2,,,,,2001,8,,2001
2001-9854-NAM,"Otjovanatje, Otjorute, Okapundja, Otjekwa, Okaurukwa, Ruacana, Omusati",Namibia,2001,1,2001,0,"Otjovanatje, Otjorute, Okapundja, Otjekwa, Okaurukwa locations (Ruacana district, Omusati province), Namibia","https://nominatim.openstreetmap.org/search.php?q=Otjovanatje, Otjorute, Okapundja, Otjekwa, Okaurukwa locations (Ruacana district, Omusati province), Namibia&polygon_geojson=1&format=geojson",,,,NAM,Southern Africa,Africa,"Otjovanatje, Otjorute, Okapundja, Otjekwa, Okaurukwa locations (Ruacana district, Omusati province)",,,,,,,,,Km2,,,,,2001,1,,2001
2001-9383-SLV,"Usulutan, San Miguel, Morazan, La Union ",El Salvador,2001,5,2001,0,"Usulutan, San Miguel, Morazan, La Union provinces, El Salvador","https://nominatim.openstreetmap.org/search.php?q=Usulutan, San Miguel, Morazan, La Union provinces, El Salvador&polygon_geojson=1&format=geojson",,,,SLV,Central America,Americas,"Usulutan, San Miguel, Morazan, La Union provinces",,,,,,,,450,Km2,,,,,2001,5,,2001
2001-9122-SWZ,"Lomahasha, Lugongolweni, Tikhuba, Lubombo, Madlangampisi, Mhlangatane, Ndzingeni, Hhohho, Dvokodvweni, Hlane, Lubuli, Mhlume, Mpolonjeni, Nkilongo, Siphofaneni, Sithobela, Lubombo, Mafutseni, Mkhiweni, Manzini, Lavumisa, Matsanjeni, Sigwe, Shiselweni, Lobamba, Mayiwane, Ntfonjeni, Timpisini, Hhohho, Kuhanyeni, Kwaluseni, Ludzeludze, Mahlanya, Manzini, Mthongwaneni, Nhlambeni, Manzini, Hosea, Kubuta, Maseyisini, Mbangweni, Mtsambama, Sandleni, Shiselweni 1, Zombodze, Shiselweni",Eswatini,2001,0,2004,0,"Lomahasha, Lugongolweni, Tikhuba districts (Lubombo province), Madlangampisi, Mhlangatane, Ndzingeni districts (Hhohho province), Dvokodvweni, Hlane, Lubuli, Mhlume, Mpolonjeni, Nkilongo, Siphofaneni, Sithobela districts (Lubombo province), Mafutseni, Mkhiweni districts (Manzini province), Lavumisa, Matsanjeni, Sigwe districts (Shiselweni province), Lobamba, Mayiwane, Ntfonjeni, Timpisini districts (Hhohho province), Kuhanyeni, Kwaluseni, Ludzeludze, Mahlanya, Manzini, Mthongwaneni, Nhlambeni districts (Manzini province), Hosea, Kubuta, Maseyisini, Mbangweni, Mtsambama, Sandleni, Shiselweni 1, Zombodze districts (Shiselweni province), Eswatini","https://nominatim.openstreetmap.org/search.php?q=Lomahasha, Lugongolweni, Tikhuba districts (Lubombo province), Madlangampisi, Mhlangatane, Ndzingeni districts (Hhohho province), Dvokodvweni, Hlane, Lubuli, Mhlume, Mpolonjeni, Nkilongo, Siphofaneni, Sithobela districts (Lubombo province), Mafutseni, Mkhiweni districts (Manzini province), Lavumisa, Matsanjeni, Sigwe districts (Shiselweni province), Lobamba, Mayiwane, Ntfonjeni, Timpisini districts (Hhohho province), Kuhanyeni, Kwaluseni, Ludzeludze, Mahlanya, Manzini, Mthongwaneni, Nhlambeni districts (Manzini province), Hosea, Kubuta, Maseyisini, Mbangweni, Mtsambama, Sandleni, Shiselweni 1, Zombodze districts (Shiselweni province), Eswatini&polygon_geojson=1&format=geojson",,,,SWZ,Southern Africa,Africa,"Lomahasha, Lugongolweni, Tikhuba districts (Lubombo province), Madlangampisi, Mhlangatane, Ndzingeni districts (Hhohho province), Dvokodvweni, Hlane, Lubuli, Mhlume, Mpolonjeni, Nkilongo, Siphofaneni, Sithobela districts (Lubombo province), Mafutseni, Mkhiweni districts (Manzini province), Lavumisa, Matsanjeni, Sigwe districts (Shiselweni province), Lobamba, Mayiwane, Ntfonjeni, Timpisini districts (Hhohho province), Kuhanyeni, Kwaluseni, Ludzeludze, Mahlanya, Manzini, Mthongwaneni, Nhlambeni districts (Manzini province), Hosea, Kubuta, Maseyisini, Mbangweni, Mtsambama, Sandleni, Shiselweni 1, Zombodze districts (Shiselweni province)",Poor agro-climaic conditions,,,,,Yes,,,Km2,,,,,2001,,,2004
2002-9022-NAM,"Otjozondjupa, Oshikoto, Oshana, Omusati, Ohangwena, Kunene, Kavango, Caprivi, North",Namibia,2002,7,2003,0,"Otjozondjupa, Oshikoto, Oshana, Omusati, Ohangwena, Kunene, Kavango, Caprivi provinces (North), Namibia","https://nominatim.openstreetmap.org/search.php?q=Otjozondjupa, Oshikoto, Oshana, Omusati, Ohangwena, Kunene, Kavango, Caprivi provinces (North), Namibia&polygon_geojson=1&format=geojson",,,,NAM,Southern Africa,Africa,"Otjozondjupa, Oshikoto, Oshana, Omusati, Ohangwena, Kunene, Kavango, Caprivi provinces (North)",,,,,,,,,Km2,,,,,2002,7,,2003
2002-9843-PER,"Amazonas, Ancash, Apurimac, Arequipa, Ayacucho, Cajamarca, Callao, Cusco, Huancavelica, Huanuco, Ica, Junin, La Libertad, Lambayeque, Lima, Loreto, Madre de Dios, Moquegua, Pasco, Piura, Puno, San Martin, Tacna, Tumbes, Ucayali ",Peru,2002,3,2002,0,"Amazonas, Ancash, Apurimac, Arequipa, Ayacucho, Cajamarca, Callao, Cusco, Huancavelica, Huanuco, Ica, Junin, La Libertad, Lambayeque, Lima, Loreto, Madre de Dios, Moquegua, Pasco, Piura, Puno, San Martin, Tacna, Tumbes, Ucayali provinces, Peru","https://nominatim.openstreetmap.org/search.php?q=Amazonas, Ancash, Apurimac, Arequipa, Ayacucho, Cajamarca, Callao, Cusco, Huancavelica, Huanuco, Ica, Junin, La Libertad, Lambayeque, Lima, Loreto, Madre de Dios, Moquegua, Pasco, Piura, Puno, San Martin, Tacna, Tumbes, Ucayali provinces, Peru&polygon_geojson=1&format=geojson",,,,PER,South America,Americas,"Amazonas, Ancash, Apurimac, Arequipa, Ayacucho, Cajamarca, Callao, Cusco, Huancavelica, Huanuco, Ica, Junin, La Libertad, Lambayeque, Lima, Loreto, Madre de Dios, Moquegua, Pasco, Piura, Puno, San Martin, Tacna, Tumbes, Ucayali provinces",,,,,,,,,Km2,,,,,2002,3,,2002
2003-9785-ARG,"Buenos Aires, Buenos Aires D.f., Entre Rios, Santa Fe ",Argentina,2003,6,2003,9,"Buenos Aires, Buenos Aires D.f., Entre Rios, Santa Fe provinces, Argentina","https://nominatim.openstreetmap.org/search.php?q=Buenos Aires, Buenos Aires D.f., Entre Rios, Santa Fe provinces, Argentina&polygon_geojson=1&format=geojson",,,,ARG,South America,Americas,"Buenos Aires, Buenos Aires D.f., Entre Rios, Santa Fe provinces",,,,,,,,,Km2,,,,,2003,6,,2003
2004-9363-HND,"Atlantida, Choluteca, Colon, Comayagua, Copan, Cortes, Francisco Morazan, Gracias A Dios, Intibuca, Islas De Bahia, La Paz, Lempira, Name Unknown, Ocotepeque, Olancho, Paraiso, Santa Barbara, Valle, Yoro ",Honduras,2004,7,2004,0,"Atlantida, Choluteca, Colon, Comayagua, Copan, Cortes, Francisco Morazan, Gracias A Dios, Intibuca, Islas De Bahia, La Paz, Lempira, Name Unknown, Ocotepeque, Olancho, Paraiso, Santa Barbara, Valle, Yoro provinces, Honduras","https://nominatim.openstreetmap.org/search.php?q=Atlantida, Choluteca, Colon, Comayagua, Copan, Cortes, Francisco Morazan, Gracias A Dios, Intibuca, Islas De Bahia, La Paz, Lempira, Name Unknown, Ocotepeque, Olancho, Paraiso, Santa Barbara, Valle, Yoro provinces, Honduras&polygon_geojson=1&format=geojson",,,,HND,Central America,Americas,"Atlantida, Choluteca, Colon, Comayagua, Copan, Cortes, Francisco Morazan, Gracias A Dios, Intibuca, Islas De Bahia, La Paz, Lempira, Name Unknown, Ocotepeque, Olancho, Paraiso, Santa Barbara, Valle, Yoro provinces",,Food shortage,,,,Yes,,,Km2,,,,,2004,7,,2004
2004-9576-BOL,"Beni, Chuquisaca, Cochabamba, Santa Cruz, Tarija ",Bolivia,2004,10,2005,0,"Beni, Chuquisaca, Cochabamba, Santa Cruz, Tarija provinces, Bolivia","https://nominatim.openstreetmap.org/search.php?q=Beni, Chuquisaca, Cochabamba, Santa Cruz, Tarija provinces, Bolivia&polygon_geojson=1&format=geojson",,,,BOL,South America,Americas,"Beni, Chuquisaca, Cochabamba, Santa Cruz, Tarija provinces",,,,,,Yes,,,Km2,,,,,2004,10,,2005
2004-9705-BRA,"Rio Grande Do Sul, Paraiba, Ceara, Piaui, Sergipe, Alagoas, Bahia, Rio Grande do Norte, Pernambuco ",Brazil,2004,12,2005,3,"Rio Grande Do Sul, Paraiba, Ceara, Piaui, Sergipe, Alagoas, Bahia, Rio Grande do Norte, Pernambuco provinces, Brazil","https://nominatim.openstreetmap.org/search.php?q=Rio Grande Do Sul, Paraiba, Ceara, Piaui, Sergipe, Alagoas, Bahia, Rio Grande do Norte, Pernambuco provinces, Brazil&polygon_geojson=1&format=geojson",,,,BRA,South America,Americas,"Rio Grande Do Sul, Paraiba, Ceara, Piaui, Sergipe, Alagoas, Bahia, Rio Grande do Norte, Pernambuco provinces",Lack of rain,,,,,,,,Km2,,,,,2004,12,,2005
2004-9332-CUB,"Holguin, Las Tunas, Camaguey, La Havana",Cuba,2004,8,2004,0,"Holguin, Las Tunas, Camaguey, La Habane provinces, Cuba","https://nominatim.openstreetmap.org/search.php?q=Holguin, Las Tunas, Camaguey, La Habane provinces, Cuba&polygon_geojson=1&format=geojson",,,,CUB,Caribbean,Americas,"Holguin, Las Tunas, Camaguey, La Habane provinces",,,,,,,,,Km2,,,,,2004,8,,2004
2004-9017-ZAF,"KwaZulu Natal, Eastern Cape, Northern Cape, Mpumalanga, North West, Free state, Limpopo ",South Africa,2004,1,2004,0,"KwaZulu-Natal, Eastern Cape, Northern Cape, Mpumalanga, North-West, Free state, Limpopo provinces, South Africa","https://nominatim.openstreetmap.org/search.php?q=KwaZulu-Natal, Eastern Cape, Northern Cape, Mpumalanga, North-West, Free state, Limpopo provinces, South Africa&polygon_geojson=1&format=geojson",,,,ZAF,Southern Africa,Africa,"KwaZulu-Natal, Eastern Cape, Northern Cape, Mpumalanga, North-West, Free state, Limpopo provinces",,,,,,Yes,,,Km2,,,,,2004,1,,2004
2006-9570-AFG,"Badakhshan, Badghis, Baghlan, Balkh, Bamyan, Daykundi, Faryab, Ghor, Jawzjan, Kunduz, Samangan, Sar e Pul, Takhar, Uruzgan ",Afghanistan,2006,7,2006,0,"Badakhshan, Badghis, Baghlan, Balkh, Bamyan, Daykundi, Faryab, Ghor, Jawzjan, Kunduz, Samangan, Sar-e-Pul, Takhar, Uruzgan provinces, Afghanistan","https://nominatim.openstreetmap.org/search.php?q=Badakhshan, Badghis, Baghlan, Balkh, Bamyan, Daykundi, Faryab, Ghor, Jawzjan, Kunduz, Samangan, Sar-e-Pul, Takhar, Uruzgan provinces, Afghanistan&polygon_geojson=1&format=geojson",,,,AFG,Southern Asia,Asia,"Badakhshan, Badghis, Baghlan, Balkh, Bamyan, Daykundi, Faryab, Ghor, Jawzjan, Kunduz, Samangan, Sar-e-Pul, Takhar, Uruzgan provinces",,,,,,,,,Km2,,,,,2006,7,,2006
2005-9734-PRY,"Presidente Hayes, Boqueron, Alto Paraguay ",Paraguay,2005,10,2005,0,"Presidente Hayes, Boqueron, Alto Paraguay provinces, Paraguay","https://nominatim.openstreetmap.org/search.php?q=Presidente Hayes, Boqueron, Alto Paraguay provinces, Paraguay&polygon_geojson=1&format=geojson",,,,PRY,South America,Americas,"Presidente Hayes, Boqueron, Alto Paraguay provinces",,,,,,,,,Km2,,,,,2005,10,14,2005
2006-9723-NPL,"Mid Western, Far Western ",Nepal,2006,7,2006,0,"Mid Western, Far Western provinces, Nepal","https://nominatim.openstreetmap.org/search.php?q=Mid Western, Far Western provinces, Nepal&polygon_geojson=1&format=geojson",,,,NPL,Southern Asia,Asia,"Mid Western, Far Western provinces",Poor rainfall,,,,,,,,Km2,,,,,2006,7,,2006
2008-9475-AFG,"Kunduz, Balkh, Faryab, Badghis ",Afghanistan,2008,10,2008,10,"Kunduz, Balkh, Faryab, Badghis provinces, Afghanistan","https://nominatim.openstreetmap.org/search.php?q=Kunduz, Balkh, Faryab, Badghis provinces, Afghanistan&polygon_geojson=1&format=geojson",,,,AFG,Southern Asia,Asia,"Kunduz, Balkh, Faryab, Badghis provinces",,Food shortage,,,,,,,Km2,,,,,2008,10,,2008
2008-9661-BOL,"La Paz, Oruro, Tarija, Chuquisaca, Santa Cruz ",Bolivia,2008,12,2009,0,"La Paz, Oruro, Tarija, Chuquisaca, Santa Cruz provinces, Bolivia","https://nominatim.openstreetmap.org/search.php?q=La Paz, Oruro, Tarija, Chuquisaca, Santa Cruz provinces, Bolivia&polygon_geojson=1&format=geojson",,,,BOL,South America,Americas,"La Paz, Oruro, Tarija, Chuquisaca, Santa Cruz provinces","El Nino, dry ecosystem, high temperatures and lon period withoit rainfall",,,,,Yes,,,Km2,,,,,2008,12,,2009
2007-9494-LSO,"Maseru, Mafeteng, Leribe, Butha Buthe, Berea, Mohale s Hoek, Quthing, Lowlands region",Lesotho,2007,7,2008,0,"Maseru, Mafeteng, Leribe, Butha Buthe, Berea, Mohale's Hoek, Quthing provinces (Lowlands region), Lesotho","https://nominatim.openstreetmap.org/search.php?q=Maseru, Mafeteng, Leribe, Butha Buthe, Berea, Mohale's Hoek, Quthing provinces (Lowlands region), Lesotho&polygon_geojson=1&format=geojson",,,,LSO,Southern Africa,Africa,"Maseru, Mafeteng, Leribe, Butha Buthe, Berea, Mohale's Hoek, Quthing provinces (Lowlands region)",,Food shortage,,Yes,Yes,,,,Km2,,,,,2007,7,,2008
2007-9288-SWZ,"Hhohho, Lubombo, Manzini, Shiselweni ",Eswatini,2007,7,2007,0,"Hhohho, Lubombo, Manzini, Shiselweni provinces, Eswatini","https://nominatim.openstreetmap.org/search.php?q=Hhohho, Lubombo, Manzini, Shiselweni provinces, Eswatini&polygon_geojson=1&format=geojson",,,,SWZ,Southern Africa,Africa,"Hhohho, Lubombo, Manzini, Shiselweni provinces",,Famine,,,,Yes,15000,,Km2,,,,,2007,7,,2007
2008-9550-PRY,"Filadelfia, Loma Plata, Mariscal Estigarribia towns, Mcal. Estigarribia, Boqueron, Alto Paraguay, Presidente Hayes ",Paraguay,2008,9,2008,0,"Filadelfia, Loma Plata, Mariscal Estigarribia towns (Mcal. Estigarribia district, Boqueron province), Alto Paraguay, Presidente Hayes provinces, Paraguay","https://nominatim.openstreetmap.org/search.php?q=Filadelfia, Loma Plata, Mariscal Estigarribia towns (Mcal. Estigarribia district, Boqueron province), Alto Paraguay, Presidente Hayes provinces, Paraguay&polygon_geojson=1&format=geojson",,,,PRY,South America,Americas,"Filadelfia, Loma Plata, Mariscal Estigarribia towns (Mcal. Estigarribia district, Boqueron province), Alto Paraguay, Presidente Hayes provinces",Prolonged dry spelle and hig temperatures,,,Yes,,Yes,,,Km2,,,,,2008,9,,2008
2009-9055-ARG,"Rio Negro, La Pampa, Cordoba, Buenos Aires, Entre Rios, Santa Fe, Corrientes, Chaco, Formosa, Santiago del Estero ",Argentina,2009,1,2009,0,"Río Negro, La Pampa, Córdoba, Buenos Aires, Entre Ríos, Santa Fe, Corrientes, Chaco, Formosa, Santiago del Estero provinces, Argentina","https://nominatim.openstreetmap.org/search.php?q=Río Negro, La Pampa, Córdoba, Buenos Aires, Entre Ríos, Santa Fe, Corrientes, Chaco, Formosa, Santiago del Estero provinces, Argentina&polygon_geojson=1&format=geojson",,,,ARG,South America,Americas,"Río Negro, La Pampa, Córdoba, Buenos Aires, Entre Ríos, Santa Fe, Corrientes, Chaco, Formosa, Santiago del Estero provinces",Lack of rain,Wildfire,,,,Yes,,,Km2,,,,,2009,1,,2009
2009-9415-GTM,"Baja Verapaz, El Progreso, Zacapa, Jalapa, Chiquimula, Santa Rosa, Jutiapa, Quiche ",Guatemala,2009,3,2009,12,"Baja Verapaz, El Progreso, Zacapa, Jalapa, Chiquimula, Santa Rosa, Jutiapa, Quiché provinces, Guatemala","https://nominatim.openstreetmap.org/search.php?q=Baja Verapaz, El Progreso, Zacapa, Jalapa, Chiquimula, Santa Rosa, Jutiapa, Quiché provinces, Guatemala&polygon_geojson=1&format=geojson",,,,GTM,Central America,Americas,"Baja Verapaz, El Progreso, Zacapa, Jalapa, Chiquimula, Santa Rosa, Jutiapa, Quiché provinces",El Nino,Food shortage,,,,Yes,652,,Km2,,,,,2009,3,,2009
2009-9559-HND,"Paraiso, Francisco Morazan, Yoro, Choluteca, Valle, Intibuca ",Honduras,2009,11,2011,2,"Paraiso, Francisco Morazan, Yoro, Choluteca, Valle, Intibuca provinces, Honduras","https://nominatim.openstreetmap.org/search.php?q=Paraiso, Francisco Morazan, Yoro, Choluteca, Valle, Intibuca provinces, Honduras&polygon_geojson=1&format=geojson",,,,HND,Central America,Americas,"Paraiso, Francisco Morazan, Yoro, Choluteca, Valle, Intibuca provinces",La Nina,Food shortage,,,,Yes,,,Km2,,,,,2009,11,,2011
2009-9323-BGD,"Barisal, Chittagong, Dhaka, Khulna, Rajshahi, Rangpur, Sylhet ",Bangladesh,2009,7,2009,8,"Barisal, Chittagong, Dhaka, Khulna, Rajshahi, Rangpur, Sylhet provinces, Bangladesh","https://nominatim.openstreetmap.org/search.php?q=Barisal, Chittagong, Dhaka, Khulna, Rajshahi, Rangpur, Sylhet provinces, Bangladesh&polygon_geojson=1&format=geojson",,,,BGD,Southern Asia,Asia,"Barisal, Chittagong, Dhaka, Khulna, Rajshahi, Rangpur, Sylhet provinces",,,,,,,,,Km2,,,,,2009,7,,2009
2009-9415-ECU,"Manabi, Los Rios, Cotopaxi, Bolivar, Chimborazo, Tungurahua ",Ecuador,2009,11,2010,0,"Manabi, Los Rios, Cotopaxi, Bolivar, Chimborazo, Tungurahua provinces, Ecuador","https://nominatim.openstreetmap.org/search.php?q=Manabi, Los Rios, Cotopaxi, Bolivar, Chimborazo, Tungurahua provinces, Ecuador&polygon_geojson=1&format=geojson",,,,ECU,Central America,Americas,"Manabi, Los Rios, Cotopaxi, Bolivar, Chimborazo, Tungurahua provinces","Poor rainy season, El NIno",,,,,Yes,,,Km2,,,,,2009,11,,2010
2009-9323-IND,"Bongaigaon, Cachar, Dhuburi, Goalpara, Golaghat, Hailakandi, Jorhat, Kamrup, Karbi Anglong, Kokrajhar, Lakhimpur, Marigaon, Nagaon, Sibsagar, Barpeta, Darrang, Dhemaji, Dibrugarh, Karimganj, Nalbari, North Cachar Hills, Sonitpur, Tinsukia, Assam, Bilaspur, Chamba, Hamirpur, Kangra, Kinnaur, Kullu, Lahaul and Spiti, Mandi, Shimla, Sirmaur, Solan, Una, Himachal Pradesh, Chatra, Garhwa, Latehar, Palamu, Dumka, Deoghar, Giridih, Godda, Jamtara, Pakur, Sahibganj, Bokaro, Dhanbad, Purba Singhbhum, Gumla, Hazaribag, Koderma, Lohardaga, Ranchi, Simdega, Saraikela Kharsawan, Pashchim Singhbhum, Jharkhand, Bishnupur, Chandel, Churachandpur, East Imphal, West Imphal, Senapati, Tamenglong, Thoubal, Ukhrul, Manipur, Dimapur, Kohima, Phek, Mokokchung, Mon, Tuensang, Wokha, Zunheboto, Nagaland, Ambedkar Nagar, Ballia, Bareilly, Basti, Deoria, Farrukkhabad, Fatehpur, Ghazipur, Hardoi, Hathras, Jaunpur, Kannauj, Kanpur Dehat, Mainpuri, Mau, Rae Bareli, Sultanpur, Sant Kabir Nagar, Unnao, Agra, Shahjahanpur, Faizabad, Meerut, Mahoba, Aligarh, Jyotiba Phule Nagar, Balrampur, Etah, Rampur, Ghaziabad, Gautam Buddha Nagar, Banda, Mathura, Allahabad, Auraiya, Jalaun, Varanasi, Chandauli, Moradabad, Azamgarh, Siddharth Nagar, Badaun, Sitapur, Firozabad, Saharanpur, Chitrakoot, Etawah, Bulandshahr, Kaushambi, Pilibhit, Muzaffarnagar, Kushinagar, Jhansi, Lucknow, Bijnor, Mirzapur, Uttar Pradesh, Patna, Nalanda, Gaya, Buxar, Bhojpur, Rohtas, Bhabua, Siwan, Nawada, Munger, Aurangabad, Sheikhpura, Lakhisarai, Jamui, Bhagalpur, Banka, Saran, Jehanabad, Muzaffarpur, Sitamarhi, Begusarai, Madhepura, Kishanganj, Katihar, Vaishali, Bihar, Bangalore Urban, Bangalore Rural, Kolar, Tumkur, Chitradurga, Davanagere, Chamrajnagar, Mysore, Mandya, Bellary, Koppal, Raichur, Gulbarga, Bidar, Belgaum, Bagalkot, Bijapur, Gadag, Karnataka, Nanded, Latur, Aurangabad, Jalna, Bid, Parbhani, Osmanabad, Hingoli, Chandrapur, Yavatmal, Wardha, Thane, Raigarh, Nandurbar, Jalgaon, Amravati, Buldana, Washim, Garhchiroli, Pune, Satara, Sangli, Solapur, Kolhapur, Nashik, Dhule, Ahmednagar, Akola, Maharasthra, Rewa, Satna, Sidhi, Shahdol, Anuppur, Umaria, Dindori, Jabalpur, Katni, Balaghat, Narsinghpur, Mandla, Sagar, Panna, Tikamgarh, Chhatarpur, Raisen, Vidisha, Damoh, Sehore, Gwalior, Guna, Ashoknagar, Shivpuri, Datia, Bhind, Morena, Sheopur, Shajapur, Dewas, Ratlam, East Nimar, Burhanpur, Barwani, Jhabua, Madhya Pradesh, Ajmer, Alwar, Banswara, Barmer, Bhilwara, Bikaner, Bundi, Chittaurgarh, Churu, Dausa, Dungarpur, Ganganagar, Hanumangarh, Jaipur, Jaisalmer, Jalor, Jhunjhunu, Jodhpur, Nagaur, Pali, Rajsamand, Sawai Madhopur, Sikar, Sirohi, Tonk, Udaipur, Rajasthan",India,2009,7,2009,8,"Bongaigaon, Cachar, Dhuburi, Goalpara, Golaghat, Hailakandi, Jorhat, Kamrup, Karbi Anglong, Kokrajhar, Lakhimpur, Marigaon, Nagaon, Sibsagar, Barpeta, Darrang, Dhemaji, Dibrugarh, Karimganj, Nalbari, North Cachar Hills, Sonitpur, Tinsukia districts (Assam province), Bilaspur, Chamba, Hamirpur, Kangra, Kinnaur, Kullu, Lahaul and Spiti, Mandi, Shimla, Sirmaur, Solan, Una districts (Himachal Pradesh province), Chatra, Garhwa, Latehar, Palamu, Dumka, Deoghar, Giridih, Godda, Jamtara, Pakur, Sahibganj, Bokaro, Dhanbad, Purba Singhbhum, Gumla, Hazaribag, Koderma, Lohardaga, Ranchi, Simdega, Saraikela Kharsawan, Pashchim Singhbhum districts (Jharkhand province), Bishnupur, Chandel, Churachandpur, East Imphal, West Imphal, Senapati, Tamenglong, Thoubal, Ukhrul districts (Manipur province), Dimapur, Kohima, Phek, Mokokchung, Mon, Tuensang, Wokha, Zunheboto districts (Nagaland province), Ambedkar Nagar, Ballia, Bareilly, Basti, Deoria, Farrukkhabad, Fatehpur, Ghazipur, Hardoi, Hathras, Jaunpur, Kannauj, Kanpur Dehat, Mainpuri, Mau, Rae Bareli, Sultanpur, Sant Kabir Nagar, Unnao, Agra, Shahjahanpur, Faizabad, Meerut, Mahoba, Aligarh, Jyotiba Phule Nagar, Balrampur, Etah, Rampur, Ghaziabad, Gautam Buddha Nagar, Banda, Mathura, Allahabad, Auraiya, Jalaun, Varanasi, Chandauli, Moradabad, Azamgarh, Siddharth Nagar, Badaun, Sitapur, Firozabad, Saharanpur, Chitrakoot, Etawah, Bulandshahr, Kaushambi, Pilibhit, Muzaffarnagar, Kushinagar, Jhansi, Lucknow, Bijnor, Mirzapur districts (Uttar Pradesh province), Patna, Nalanda, Gaya, Buxar, Bhojpur, Rohtas, Bhabua, Siwan, Nawada, Munger, Aurangabad, Sheikhpura, Lakhisarai, Jamui, Bhagalpur, Banka, Saran, Jehanabad, Muzaffarpur, Sitamarhi, Begusarai, Madhepura, Kishanganj, Katihar, Vaishali districts (Bihar province), Bangalore Urban, Bangalore Rural, Kolar, Tumkur, Chitradurga, Davanagere, Chamrajnagar, Mysore, Mandya, Bellary, Koppal, Raichur, Gulbarga, Bidar, Belgaum, Bagalkot, Bijapur, Gadag districts (Karnataka province), Nanded, Latur, Aurangabad, Jalna, Bid, Parbhani, Osmanabad, Hingoli, Chandrapur, Yavatmal, Wardha, Thane, Raigarh, Nandurbar, Jalgaon, Amravati, Buldana, Washim, Garhchiroli, Pune, Satara, Sangli, Solapur, Kolhapur, Nashik, Dhule, Ahmednagar, Akola districts (Maharasthra province), Rewa, Satna, Sidhi, Shahdol, Anuppur, Umaria, Dindori, Jabalpur, Katni, Balaghat, Narsinghpur, Mandla, Sagar, Panna, Tikamgarh, Chhatarpur, Raisen, Vidisha, Damoh, Sehore, Gwalior, Guna, Ashoknagar, Shivpuri, Datia, Bhind, Morena, Sheopur, Shajapur, Dewas, Ratlam, East Nimar, Burhanpur, Barwani, Jhabua districts (Madhya Pradesh province), Ajmer, Alwar, Banswara, Barmer, Bhilwara, Bikaner, Bundi, Chittaurgarh, Churu, Dausa, Dungarpur, Ganganagar, Hanumangarh, Jaipur, Jaisalmer, Jalor, Jhunjhunu, Jodhpur, Nagaur, Pali, Rajsamand, Sawai Madhopur, Sikar, Sirohi, Tonk, Udaipur districts (Rajasthan province), India","https://nominatim.openstreetmap.org/search.php?q=Bongaigaon, Cachar, Dhuburi, Goalpara, Golaghat, Hailakandi, Jorhat, Kamrup, Karbi Anglong, Kokrajhar, Lakhimpur, Marigaon, Nagaon, Sibsagar, Barpeta, Darrang, Dhemaji, Dibrugarh, Karimganj, Nalbari, North Cachar Hills, Sonitpur, Tinsukia districts (Assam province), Bilaspur, Chamba, Hamirpur, Kangra, Kinnaur, Kullu, Lahaul and Spiti, Mandi, Shimla, Sirmaur, Solan, Una districts (Himachal Pradesh province), Chatra, Garhwa, Latehar, Palamu, Dumka, Deoghar, Giridih, Godda, Jamtara, Pakur, Sahibganj, Bokaro, Dhanbad, Purba Singhbhum, Gumla, Hazaribag, Koderma, Lohardaga, Ranchi, Simdega, Saraikela Kharsawan, Pashchim Singhbhum districts (Jharkhand province), Bishnupur, Chandel, Churachandpur, East Imphal, West Imphal, Senapati, Tamenglong, Thoubal, Ukhrul districts (Manipur province), Dimapur, Kohima, Phek, Mokokchung, Mon, Tuensang, Wokha, Zunheboto districts (Nagaland province), Ambedkar Nagar, Ballia, Bareilly, Basti, Deoria, Farrukkhabad, Fatehpur, Ghazipur, Hardoi, Hathras, Jaunpur, Kannauj, Kanpur Dehat, Mainpuri, Mau, Rae Bareli, Sultanpur, Sant Kabir Nagar, Unnao, Agra, Shahjahanpur, Faizabad, Meerut, Mahoba, Aligarh, Jyotiba Phule Nagar, Balrampur, Etah, Rampur, Ghaziabad, Gautam Buddha Nagar, Banda, Mathura, Allahabad, Auraiya, Jalaun, Varanasi, Chandauli, Moradabad, Azamgarh, Siddharth Nagar, Badaun, Sitapur, Firozabad, Saharanpur, Chitrakoot, Etawah, Bulandshahr, Kaushambi, Pilibhit, Muzaffarnagar, Kushinagar, Jhansi, Lucknow, Bijnor, Mirzapur districts (Uttar Pradesh province), Patna, Nalanda, Gaya, Buxar, Bhojpur, Rohtas, Bhabua, Siwan, Nawada, Munger, Aurangabad, Sheikhpura, Lakhisarai, Jamui, Bhagalpur, Banka, Saran, Jehanabad, Muzaffarpur, Sitamarhi, Begusarai, Madhepura, Kishanganj, Katihar, Vaishali districts (Bihar province), Bangalore Urban, Bangalore Rural, Kolar, Tumkur, Chitradurga, Davanagere, Chamrajnagar, Mysore, Mandya, Bellary, Koppal, Raichur, Gulbarga, Bidar, Belgaum, Bagalkot, Bijapur, Gadag districts (Karnataka province), Nanded, Latur, Aurangabad, Jalna, Bid, Parbhani, Osmanabad, Hingoli, Chandrapur, Yavatmal, Wardha, Thane, Raigarh, Nandurbar, Jalgaon, Amravati, Buldana, Washim, Garhchiroli, Pune, Satara, Sangli, Solapur, Kolhapur, Nashik, Dhule, Ahmednagar, Akola districts (Maharasthra province), Rewa, Satna, Sidhi, Shahdol, Anuppur, Umaria, Dindori, Jabalpur, Katni, Balaghat, Narsinghpur, Mandla, Sagar, Panna, Tikamgarh, Chhatarpur, Raisen, Vidisha, Damoh, Sehore, Gwalior, Guna, Ashoknagar, Shivpuri, Datia, Bhind, Morena, Sheopur, Shajapur, Dewas, Ratlam, East Nimar, Burhanpur, Barwani, Jhabua districts (Madhya Pradesh province), Ajmer, Alwar, Banswara, Barmer, Bhilwara, Bikaner, Bundi, Chittaurgarh, Churu, Dausa, Dungarpur, Ganganagar, Hanumangarh, Jaipur, Jaisalmer, Jalor, Jhunjhunu, Jodhpur, Nagaur, Pali, Rajsamand, Sawai Madhopur, Sikar, Sirohi, Tonk, Udaipur districts (Rajasthan province), India&polygon_geojson=1&format=geojson",,,,IND,Southern Asia,Asia,"Bongaigaon, Cachar, Dhuburi, Goalpara, Golaghat, Hailakandi, Jorhat, Kamrup, Karbi Anglong, Kokrajhar, Lakhimpur, Marigaon, Nagaon, Sibsagar, Barpeta, Darrang, Dhemaji, Dibrugarh, Karimganj, Nalbari, North Cachar Hills, Sonitpur, Tinsukia districts (Assam province), Bilaspur, Chamba, Hamirpur, Kangra, Kinnaur, Kullu, Lahaul and Spiti, Mandi, Shimla, Sirmaur, Solan, Una districts (Himachal Pradesh province), Chatra, Garhwa, Latehar, Palamu, Dumka, Deoghar, Giridih, Godda, Jamtara, Pakur, Sahibganj, Bokaro, Dhanbad, Purba Singhbhum, Gumla, Hazaribag, Koderma, Lohardaga, Ranchi, Simdega, Saraikela Kharsawan, Pashchim Singhbhum districts (Jharkhand province), Bishnupur, Chandel, Churachandpur, East Imphal, West Imphal, Senapati, Tamenglong, Thoubal, Ukhrul districts (Manipur province), Dimapur, Kohima, Phek, Mokokchung, Mon, Tuensang, Wokha, Zunheboto districts (Nagaland province), Ambedkar Nagar, Ballia, Bareilly, Basti, Deoria, Farrukkhabad, Fatehpur, Ghazipur, Hardoi, Hathras, Jaunpur, Kannauj, Kanpur Dehat, Mainpuri, Mau, Rae Bareli, Sultanpur, Sant Kabir Nagar, Unnao, Agra, Shahjahanpur, Faizabad, Meerut, Mahoba, Aligarh, Jyotiba Phule Nagar, Balrampur, Etah, Rampur, Ghaziabad, Gautam Buddha Nagar, Banda, Mathura, Allahabad, Auraiya, Jalaun, Varanasi, Chandauli, Moradabad, Azamgarh, Siddharth Nagar, Badaun, Sitapur, Firozabad, Saharanpur, Chitrakoot, Etawah, Bulandshahr, Kaushambi, Pilibhit, Muzaffarnagar, Kushinagar, Jhansi, Lucknow, Bijnor, Mirzapur districts (Uttar Pradesh province), Patna, Nalanda, Gaya, Buxar, Bhojpur, Rohtas, Bhabua, Siwan, Nawada, Munger, Aurangabad, Sheikhpura, Lakhisarai, Jamui, Bhagalpur, Banka, Saran, Jehanabad, Muzaffarpur, Sitamarhi, Begusarai, Madhepura, Kishanganj, Katihar, Vaishali districts (Bihar province), Bangalore Urban, Bangalore Rural, Kolar, Tumkur, Chitradurga, Davanagere, Chamrajnagar, Mysore, Mandya, Bellary, Koppal, Raichur, Gulbarga, Bidar, Belgaum, Bagalkot, Bijapur, Gadag districts (Karnataka province), Nanded, Latur, Aurangabad, Jalna, Bid, Parbhani, Osmanabad, Hingoli, Chandrapur, Yavatmal, Wardha, Thane, Raigarh, Nandurbar, Jalgaon, Amravati, Buldana, Washim, Garhchiroli, Pune, Satara, Sangli, Solapur, Kolhapur, Nashik, Dhule, Ahmednagar, Akola districts (Maharasthra province), Rewa, Satna, Sidhi, Shahdol, Anuppur, Umaria, Dindori, Jabalpur, Katni, Balaghat, Narsinghpur, Mandla, Sagar, Panna, Tikamgarh, Chhatarpur, Raisen, Vidisha, Damoh, Sehore, Gwalior, Guna, Ashoknagar, Shivpuri, Datia, Bhind, Morena, Sheopur, Shajapur, Dewas, Ratlam, East Nimar, Burhanpur, Barwani, Jhabua districts (Madhya Pradesh province), Ajmer, Alwar, Banswara, Barmer, Bhilwara, Bikaner, Bundi, Chittaurgarh, Churu, Dausa, Dungarpur, Ganganagar, Hanumangarh, Jaipur, Jaisalmer, Jalor, Jhunjhunu, Jodhpur, Nagaur, Pali, Rajsamand, Sawai Madhopur, Sikar, Sirohi, Tonk, Udaipur districts (Rajasthan province)",,,,,,Yes,,,Km2,,,,,2009,7,,2009
2010-9253-BOL,"Santa Cruz, Tarija, Chuquisaca ",Bolivia,2010,6,2010,9,"Santa Cruz, Tarija, Chuquisaca provinces, Bolivia","https://nominatim.openstreetmap.org/search.php?q=Santa Cruz, Tarija, Chuquisaca provinces, Bolivia&polygon_geojson=1&format=geojson",,,,BOL,South America,Americas,"Santa Cruz, Tarija, Chuquisaca provinces",,,,,,Yes,,,Km2,,,,,2010,6,,2010
2009-9660-NPL,"Far Western, Mid Western ",Nepal,2009,0,2009,0,"Far Western, Mid Western provinces, Nepal","https://nominatim.openstreetmap.org/search.php?q=Far Western, Mid Western provinces, Nepal&polygon_geojson=1&format=geojson",,,,NPL,Southern Asia,Asia,"Far Western, Mid Western provinces",,Food shortage,,Yes,,,,,Km2,,,,,2009,,,2009
2009-9210-PRY,"Boqueron, Presidente Hayes, Alto Paraguay, Concepcion, Neembucu ",Paraguay,2009,1,2009,11,"Boqueron, Presidente Hayes, Alto Paraguay, Concepción, Neembucú provinces, Paraguay","https://nominatim.openstreetmap.org/search.php?q=Boqueron, Presidente Hayes, Alto Paraguay, Concepción, Neembucú provinces, Paraguay&polygon_geojson=1&format=geojson",,,,PRY,South America,Americas,"Boqueron, Presidente Hayes, Alto Paraguay, Concepción, Neembucú provinces","La Nina and El Nino, deforestation",,,,,Yes,,,Km2,,,,,2009,1,,2009
2009-9415-SLV,"Ahuachapan, Cabanas, Chalatenango, Cuscatlan, La Libertad, La Paz, La Union, Morazan, San Miguel, San Salvador, San Vicente, Santa Ana, Sonsonate, Usulutan ",El Salvador,2009,0,2009,0,"Ahuachapan, Cabanas, Chalatenango, Cuscatlan, La Libertad, La Paz, La Union, Morazan, San Miguel, San Salvador, San Vicente, Santa Ana, Sonsonate, Usulutan provinces, El Salvador","https://nominatim.openstreetmap.org/search.php?q=Ahuachapan, Cabanas, Chalatenango, Cuscatlan, La Libertad, La Paz, La Union, Morazan, San Miguel, San Salvador, San Vicente, Santa Ana, Sonsonate, Usulutan provinces, El Salvador&polygon_geojson=1&format=geojson",,,,SLV,Central America,Americas,"Ahuachapan, Cabanas, Chalatenango, Cuscatlan, La Libertad, La Paz, La Union, Morazan, San Miguel, San Salvador, San Vicente, Santa Ana, Sonsonate, Usulutan provinces",Lack of rain,,,,,,,,Km2,,,,,2009,,12,2009
2011-9312-AFG,"Balkh, Samangan, Takhar, Sar e Pul, Hirat, Badghis, Faryab, Jawzjan, Baghlan, Kunduz, Badakshan, Bamyan, Daykundi, Ghor ",Afghanistan,2011,1,2011,8,"Balkh, Samangan, Takhar, Sar-e-Pul, Hirat, Badghis, Faryab, Jawzjan, Baghlan, Kunduz, Badakshan, Bamyan, Daykundi, Ghor provinces, Afghanistan","https://nominatim.openstreetmap.org/search.php?q=Balkh, Samangan, Takhar, Sar-e-Pul, Hirat, Badghis, Faryab, Jawzjan, Baghlan, Kunduz, Badakshan, Bamyan, Daykundi, Ghor provinces, Afghanistan&polygon_geojson=1&format=geojson",,,,AFG,Southern Asia,Asia,"Balkh, Samangan, Takhar, Sar-e-Pul, Hirat, Badghis, Faryab, Jawzjan, Baghlan, Kunduz, Badakshan, Bamyan, Daykundi, Ghor provinces",Limited snowfall and rainfall,Food shortage,,,,,,,Km2,,,,,2011,1,,2011
2011-9629-LSO,"Quthing, Mohale s Hoek, Mafeteng, Maseru, Berea, Leribe, Butha Buthe, Mokhotlong, Thaba Tseka ",Lesotho,2011,12,2012,10,"Quthing, Mohale's Hoek, Mafeteng, Maseru, Berea, Leribe, Butha Buthe, Mokhotlong, Thaba-Tseka provinces, Lesotho","https://nominatim.openstreetmap.org/search.php?q=Quthing, Mohale's Hoek, Mafeteng, Maseru, Berea, Leribe, Butha Buthe, Mokhotlong, Thaba-Tseka provinces, Lesotho&polygon_geojson=1&format=geojson",,,,LSO,Southern Africa,Africa,"Quthing, Mohale's Hoek, Mafeteng, Maseru, Berea, Leribe, Butha Buthe, Mokhotlong, Thaba-Tseka provinces",Polonged periods of drought follwoed by excessive rains,Food shortage,,,,,,,Km2,,,,,2011,12,,2012
